raga,tonic,tonic_name,salience,fit_score,primary_score,match_mass,extra_mass,observed_note_score,loglike_norm,raga_size,match_diff,complexity_pen,rank
Hansadhwani,3,D#,3200,506.32232272764463,0.33577155718103785,0.918413278942185,0.08158672105781495,0.46652375848398864,0.17957146469336993,5,3,0.0,1
"Bihag, Chhayanat, Gaud Sarang, Hameer, Kamod, Maru Bihag, Nand, Shyam Kalyan",3,D#,3200,468.93328083563654,0.33577155718103785,0.980728653819102,0.019271346180897986,0.311361200427934,0.0,8,0,0.25,2
"Alhaiya Bilawal, Bihagda, Desh, Devgiri Bilawal, Gaud Malhar",3,D#,3200,432.4982466909084,0.33577155718103785,0.9576593051062029,0.042340694893797104,0.30403715612641635,0.0,8,0,0.25,3
"“Shuddha Kalyan, Yaman",3,D#,3200,424.03548107395926,0.33577155718103785,0.9638486425657611,0.03615135743423892,0.34971673556793764,0.0,7,1,0.16666666666666666,4
"“Bhatiyar, Shuddha Basant",3,D#,3200,415.3915538302738,0.33577155718103785,0.9468279645519758,0.05317203544802418,0.30059842800924036,0.0,8,0,0.25,5
Shankara,3,D#,3200,405.3466689272435,0.33577155718103785,0.9351526234350815,0.06484737656491846,0.39585566273568656,0.041987151424032976,6,2,0.08333333333333333,6
"Bilawal, Bihari, Hem Bihag, Hemant, Mand, Tilak Kamod",3,D#,3200,405.2396578967537,0.33577155718103785,0.9520326346884225,0.047967365311577526,0.34542949012314683,0.0,7,1,0.16666666666666666,7
Poorvi,3,D#,3200,396.0632125461803,0.33577155718103785,0.9345899563933038,0.06541004360669622,0.2967131118248987,0.0,8,0,0.25,8
Nat Bhairav,3,D#,3200,385.7725553203621,0.33577155718103785,0.9397946265297503,0.06020537347024968,0.34098912876961346,0.0,7,1,0.16666666666666666,9
"Manj Khamaj, Saraswati Kedar",3,D#,3200,373.2879980656783,0.33577155718103785,0.9863553242368823,0.013644675763117675,0.2783533801747528,0.0,9,1,0.3333333333333333,10
Puriya Kalyan,3,D#,3200,370.1093693393577,0.33577155718103785,0.929947953298635,0.070052046701365,0.3374164242322878,0.0,7,1,0.16666666666666666,11
"Alhaiya Bilawal, Bihagda, Desh, Devgiri Bilawal, Gaud Malhar",10,A#,512,368.1332808356366,0.33577155718103785,0.980728653819102,0.019271346180897986,0.31136120042793397,0.0,8,0,0.25,12
"Gunakri, Gunkali",2,D,537,358.46574537024003,0.5418483612322402,0.9063159375439577,0.09368406245604233,0.4603787066797884,0.1512596623843564,5,3,0.0,13
Kaushik Dhwani,10,A#,512,357.5282453702399,0.33577155718103785,0.9063159375439576,0.09368406245604244,0.4603787066797884,0.1512596623843564,5,3,0.0,14
"Bihag, Chhayanat, Gaud Sarang, Hameer, Kamod, Maru Bihag, Nand, Shyam Kalyan",10,A#,512,352.3595770290774,0.33577155718103785,0.970741313827542,0.02925868617245797,0.30819042515105743,0.0,8,0,0.25,15
"Basant, Puriya Dhanashree, Shri”",3,D#,3200,350.64226676296613,0.33577155718103785,0.9177099451399628,0.08229005486003715,0.3329760628787544,0.0,7,1,0.16666666666666666,16
"“Bhatiyar, Shuddha Basant",10,A#,512,333.0312357449841,0.33577155718103785,0.9585033056688701,0.0414966943311299,0.30430510896671575,0.0,8,0,0.25,17
"Bhairav, Gauri",3,D#,3200,331.8464435857606,0.33577155718103785,0.9058939372626242,0.09410606273737576,0.3286888174339636,0.0,7,1,0.16666666666666666,18
"Hanskinki, Jaijaiwanti, Ramdasi Malhar, Tilang Bahar, Zila Kafi",3,D#,3200,331.7542259175019,0.33577155718103785,0.9599099732733152,0.040090026726684824,0.2708903973634502,0.0,9,1,0.3333333333333333,19
"Bheem, Malgunji",10,A#,512,331.69824669090843,0.33577155718103785,0.9576593051062029,0.042340694893797104,0.30403715612641635,0.0,8,0,0.25,20
Jogkauns,3,D#,3200,324.46237019471545,0.33577155718103785,0.9012519341679555,0.09874806583204454,0.32700454243779575,0.0,7,1,0.16666666666666666,21
"Bhairavi, Bilaskhani Todi, Asavari (komal re)",2,D,537,324.1729810739597,0.5418483612322402,0.9638486425657613,0.036151357434238696,0.34971673556793764,0.0,7,1,0.16666666666666666,22
"Bilawal, Bihari, Hem Bihag, Hemant, Mand, Tilak Kamod",10,A#,512,323.2354810739593,0.33577155718103785,0.9638486425657611,0.03615135743423892,0.34971673556793764,0.0,7,1,0.16666666666666666,23
Chandranandan,3,D#,3200,312.5338100829734,0.33577155718103785,0.947671965114643,0.05232803488535698,0.2674367829773687,0.0,9,1,0.3333333333333333,24
Tilang,3,D#,3200,307.11380151971207,0.33577155718103785,0.9001266000843995,0.09987339991560051,0.381028938905785,0.0,6,2,0.08333333333333333,25
"Gavati, Jhinjoti, Khamaj, Khambhavati",10,A#,512,304.4396578967538,0.33577155718103785,0.9520326346884225,0.047967365311577526,0.34542949012314683,0.0,7,1,0.16666666666666666,26
Ramkali,3,D#,3200,300.8248211263064,0.33577155718103785,0.9402166268110841,0.05978337318891591,0.2653328569720547,0.0,9,1,0.3333333333333333,27
Hindol,3,D#,3200,296.44116982424237,0.30820087213391456,0.8667885778590512,0.13321142214094883,0.440300107180018,0.05368327624066116,5,3,0.0,28
Poorvi,2,D,537,290.6465914875329,0.5418483612322402,0.9310732873821912,0.0689267126178088,0.29559664165698435,0.0,8,0,0.25,29
Lalit,3,D#,3200,287.98952283894755,0.30820087213391456,0.8783232522155009,0.1216767477844991,0.31868524472945164,0.0,7,1,0.16666666666666666,30
Jogeshwari Pancham,10,A#,512,286.7626337181915,0.33577155718103785,0.9409199606133065,0.059080039386693484,0.34139743785959353,0.0,7,1,0.16666666666666666,31
Ahir Bhairav,10,A#,512,284.9725553203624,0.33577155718103785,0.9397946265297504,0.06020537347024957,0.3409891287696135,0.0,7,1,0.16666666666666666,32
"Manj Khamaj, Saraswati Kedar",10,A#,512,274.47631694511267,0.33577155718103785,0.9876213250808831,0.012378674919116928,0.2787106506284853,0.0,9,1,0.3333333333333333,33
"Hanskinki, Jaijaiwanti, Ramdasi Malhar, Tilang Bahar, Zila Kafi",10,A#,512,272.4879980656786,0.33577155718103785,0.9863553242368824,0.013644675763117564,0.2783533801747528,0.0,9,1,0.3333333333333333,34
"Marwa, Puriya, Sohini",3,D#,3200,264.6471565201226,0.30820087213391456,0.8736812491208321,0.12631875087916788,0.36983446468883113,0.0,6,2,0.08333333333333333,35
Basant Mukhari,2,D,537,262.862795948313,0.5418483612322402,0.9253059502039664,0.07469404979603356,0.33573214923611994,0.0,7,1,0.16666666666666666,36
"Bhairav, Gauri",2,D,537,245.18577176975054,0.5418483612322402,0.9141932761288504,0.08580672387114963,0.33170009697256664,0.0,7,1,0.16666666666666666,37
Prabhateshwari,2,D,537,241.82937477382103,0.5418483612322402,0.9120832747221828,0.08791672527781724,0.33093451742885405,0.0,7,1,0.16666666666666666,38
Pilu,3,D#,3200,236.18645351440497,0.33577155718103785,0.9644113096075395,0.03558869039246049,0.24494462307904946,0.0,10,2,0.4166666666666667,39
Kaushik Dhwani,3,D#,3200,234.508518674791,0.29638486425657595,0.8549725699817126,0.14502743001828744,0.4342979635573109,0.010975172812894507,5,3,0.0,40
Lalit,2,D,537,226.38994859254498,0.5418483612322402,0.9023772682515118,0.09762273174848823,0.32741285152777583,0.0,7,1,0.16666666666666666,41
Jogiya,2,D,537,226.22575992378404,0.5418483612322402,0.9119426079617381,0.0880573920382619,0.3860307252580409,0.0,6,2,0.08333333333333333,42
Rageshri,10,A#,512,224.15882787592227,0.33577155718103785,0.9112392741595153,0.08876072584048467,0.3857329998799304,0.0,6,2,0.08333333333333333,43
"Kedar, Shuddha Sarang",3,D#,3200,215.26758792714028,0.33577155718103785,0.8326065550710362,0.1673934449289638,0.302097687949011,0.0,7,1,0.16666666666666666,44
Ramkali,2,D,537,212.8922344029107,0.5418483612322402,0.9478126318750877,0.052187368124912314,0.26747647969445004,0.0,9,1,0.3333333333333333,45
"“Bhatiyar, Shuddha Basant",2,D,537,208.88992950424065,0.5418483612322402,0.8793079195386128,0.12069208046138724,0.2791622007852862,0.0,8,0,0.25,46
Jogeshwari,10,A#,512,206.31380151971192,0.33577155718103785,0.9001266000843994,0.09987339991560062,0.3810289389057849,0.0,6,2,0.08333333333333333,47
"Bahar, Lanka Dahan Sarang, Miyan ki Malhar, Sindhura",3,D#,3200,202.11330517820718,0.33577155718103785,0.8117878745252495,0.18821212547475052,0.25772597356133214,0.0,8,0,0.25,48
Bairagi,2,D,537,196.57866982424275,0.5418483612322402,0.8667885778590513,0.13321142214094872,0.44030010718001805,0.05368327624066127,5,3,0.0,49
Madhuvanti,3,D#,3200,191.99656875536226,0.33577155718103785,0.8179772119848077,0.18202278801519234,0.2967896697792699,0.0,7,1,0.16666666666666666,50
“Megh Malhar”,3,D#,3200,182.7849638941137,0.33577155718103785,0.7995498663665774,0.20045013363342257,0.25384065737699046,0.0,8,0,0.25,51
Ahir Bhairav,2,D,537,180.5191896481743,0.5418483612322402,0.8735405823603879,0.1264594176396121,0.31694993109703634,0.0,7,1,0.16666666666666666,52
Parameshwari,2,D,537,180.37081878061042,0.5418483612322402,0.8833872555915032,0.11661274440849678,0.37394307490675566,0.0,6,2,0.08333333333333333,53
Surdasi Malhar,3,D#,3200,178.57098077164397,0.33577155718103785,0.8095372063581372,0.1904627936418628,0.2937273516044194,0.0,7,1,0.16666666666666666,54
Pilu,10,A#,512,173.21474066013775,0.33577155718103785,0.9886059924039947,0.011394007596005284,0.2510896748832496,0.0,10,2,0.4166666666666667,55
Patdeep,3,D#,3200,173.2007455781566,0.33577155718103785,0.806161204107469,0.19383879589253095,0.2925024243344791,0.0,7,1,0.16666666666666666,56
Kirwani,3,D#,3200,153.73364300176507,0.33577155718103785,0.7939231959487969,0.2060768040512031,0.2880620629809458,0.0,7,1,0.16666666666666666,57
Sarang,3,D#,3200,134.76247101605932,0.33577155718103785,0.7927978618652407,0.2072021381347593,0.33559604620612654,0.0,6,2,0.08333333333333333,58
"Multani, Todi",3,D#,3200,118.60335444436899,0.33577155718103785,0.7718385145590093,0.22816148544099069,0.28004899709008674,0.0,7,1,0.16666666666666666,59
Poorvi,10,A#,512,102.64629423228271,0.33577155718103785,0.8126318750879166,0.18736812491208343,0.25799392640163155,0.0,8,0,0.25,60
Dev Gandhar,10,A#,512,101.31330517820724,0.33577155718103785,0.8117878745252495,0.18821212547475052,0.25772597356133214,0.0,8,0,0.25,61
"Multani, Todi",2,D,537,97.7280637485784,0.42242228161485396,0.8214938809959205,0.17850611900407953,0.2980656356854577,0.0,7,1,0.16666666666666666,62
Nat Bhairav,10,A#,512,91.19656875536236,0.33577155718103785,0.8179772119848077,0.18202278801519234,0.29678966977926996,0.0,7,1,0.16666666666666666,63
Bhupali Todi,2,D,537,80.05475958380583,0.42242228161485396,0.7989871993247991,0.2010128006752009,0.4058592354401984,0.04747165173655754,5,3,0.0,64
Jogiya,3,D#,3200,78.51675503256068,0.33577155718103785,0.7577718385145585,0.24222816148544146,0.32076932237622496,0.0,6,2,0.08333333333333333,65
Jogkauns,10,A#,512,73.51954457680004,0.33577155718103785,0.8068645379096917,0.1931354620903083,0.29275761751571666,0.0,7,1,0.16666666666666666,66
Hemshri,3,D#,3200,72.86959479325357,0.33577155718103785,0.7542551695034458,0.24574483049655416,0.3192806954856726,0.0,6,2,0.08333333333333333,67
Charukeshi,10,A#,512,72.40074557815667,0.33577155718103785,0.806161204107469,0.19383879589253095,0.2925024243344792,0.0,7,1,0.16666666666666666,68
"Bhairav, Gauri",10,A#,512,71.72946617897097,0.33577155718103785,0.8057392038261356,0.19426079617386438,0.29234930842573664,0.0,7,1,0.16666666666666666,69
Tilang,10,A#,512,71.0078421859141,0.33577155718103785,0.8158672105781399,0.18413278942186007,0.3453614386081501,0.0,6,2,0.08333333333333333,70
Basant Mukhari,10,A#,512,52.93364300176528,0.33577155718103785,0.793923195948797,0.206076804051203,0.2880620629809458,0.0,7,1,0.16666666666666666,71
Chandranandan,10,A#,512,43.38947829089634,0.33577155718103785,0.840483893655929,0.15951610634407098,0.2371878845613446,0.0,9,1,0.3333333333333333,72
"Basant, Puriya Dhanashree, Shri”",2,D,537,36.41787862293168,0.42242228161485396,0.7829511886341256,0.2170488113658744,0.28408104935364,0.0,7,1,0.16666666666666666,73
“Gurjari Todi,2,D,537,34.899971016059645,0.4106062737375154,0.7927978618652409,0.20720213813475907,0.33559604620612654,0.0,6,2,0.08333333333333333,74
Jog,10,A#,512,33.96247101605954,0.33577155718103785,0.7927978618652408,0.20720213813475918,0.33559604620612654,0.0,6,2,0.08333333333333333,75
Ramkali,10,A#,512,26.157381335801972,0.33577155718103785,0.8295118863412576,0.1704881136587424,0.23409154062899568,0.0,9,1,0.3333333333333333,76
Lalit,10,A#,512,17.803354444369198,0.33577155718103785,0.7718385145590094,0.22816148544099057,0.28004899709008674,0.0,7,1,0.16666666666666666,77
“Gurjari Todi,3,D#,3200,10.750832160875538,0.30820087213391456,0.7155718103812065,0.28442818961879346,0.3029057996895966,0.0,6,2,0.08333333333333333,78
Salagavarali,2,D,537,-11.406742946258468,0.42242228161485396,0.7639611759741171,0.23603882402588294,0.3233893057035971,0.0,6,2,0.08333333333333333,79
Mohankauns,10,A#,512,-27.930405206746226,0.33577155718103785,0.754255169503446,0.24574483049655405,0.31928069548567256,0.0,6,2,0.08333333333333333,80
Bibhas,2,D,537,-30.12553591158022,0.42242228161485396,0.7604445069630043,0.23955549303699575,0.3862808145756536,0.0,5,3,0.0,81
Bairagi Todi,2,D,537,-31.727581555053995,0.42242228161485396,0.7594598396398927,0.24054016036010728,0.385780635940428,0.0,5,3,0.0,82
Chandrakauns,3,D#,3200,-33.709411747312274,0.29638486425657595,0.696863131242087,0.303136868757913,0.3539835655582294,0.0,5,3,0.0,83
Puriya Kalyan,2,D,537,-45.92572767720703,0.42242228161485396,0.7311858207905471,0.26881417920945294,0.2652988312145564,0.0,7,1,0.16666666666666666,84
“Megh Malhar”,2,D,537,-79.25787101839548,0.5418483612322402,0.6968631312420874,0.30313686875791257,0.2212397284738935,0.0,8,0,0.25,85
Dev Gandhar,2,D,537,-84.58982723469708,0.5418483612322402,0.6934871289914193,0.3065128710085807,0.22016791711269582,0.0,8,0,0.25,86
“Jayat,2,D,537,-89.11166783912421,0.42242228161485396,0.7155718103812067,0.28442818961879335,0.30290579968959647,0.0,6,2,0.08333333333333333,87
Sundarkali,2,D,537,-94.43622531388245,0.42242228161485396,0.7209171472780979,0.27908285272190214,0.36620221507588324,0.0,5,3,0.0,88
"Adana, Darbari Kanada, Jaunpuri, Kaunsi Kanada",2,D,537,-109.4735108001401,0.5418483612322402,0.6912364608243071,0.3087635391756929,0.25080385852026355,0.0,7,1,0.16666666666666666,89
"Marwa, Puriya, Sohini",2,D,537,-110.11910392934669,0.4106062737375154,0.7024898016598675,0.2975101983401325,0.2973681076567417,0.0,6,2,0.08333333333333333,90
"“Shuddha Kalyan, Yaman",10,A#,512,-110.41101080014026,0.09706006470670993,0.691236460824307,0.308763539175693,0.2508038585202636,0.0,7,1,0.16666666666666666,91
Kirwani,2,D,537,-127.15053497870252,0.5418483612322402,0.680123786749191,0.31987621325080895,0.2467718062567103,0.0,7,1,0.16666666666666666,92
“Champakali”,10,A#,512,-129.2068339773459,0.09706006470670993,0.6794204529469684,0.3205795470530316,0.2465166130754728,0.0,7,1,0.16666666666666666,93
Puriya Kalyan,10,A#,512,-129.87811337653164,0.09706006470670993,0.678998452665635,0.32100154733436503,0.24636349716673026,0.0,7,1,0.16666666666666666,94
Jogkauns,2,D,537,-134.53460836974764,0.5418483612322402,0.6754817836545223,0.32451821634547773,0.24508753126054247,0.0,7,1,0.16666666666666666,95
Gopika Basant,2,D,537,-139.2584507641713,0.5418483612322402,0.6843437895625262,0.3156562104374738,0.2896867929014915,0.0,6,2,0.08333333333333333,96
Shankara,10,A#,512,-140.19595076417136,0.09706006470670993,0.6843437895625261,0.31565621043747394,0.28968679290149146,0.0,6,2,0.08333333333333333,97
"Bahar, Lanka Dahan Sarang, Miyan ki Malhar, Sindhura",2,D,537,-161.0145330016879,0.5418483612322402,0.6450977633985089,0.3549022366014911,0.20480528760219535,0.0,8,0,0.25,98
"Bheem, Malgunji",2,D,537,-166.34648921798947,0.5418483612322402,0.6417217611478407,0.35827823885215926,0.20373347624099764,0.0,8,0,0.25,99
“Deshkar”,10,A#,512,-168.305042020092,0.09706006470670993,0.6389084259389501,0.36109157406104986,0.4056806002133322,0.10271216901814972,4,4,0.0,100
Charukeshi,2,D,537,-170.78369592578676,0.5418483612322402,0.6526937684625123,0.34730623153748774,0.2368192721884459,0.0,7,1,0.16666666666666666,101
Chandranandan,2,D,537,-177.70196324589853,0.5418483612322402,0.6991137994091997,0.3008862005908003,0.19729268389454108,0.0,9,1,0.3333333333333333,102
“Jayat,10,A#,512,-179.0484132106041,0.09706006470670993,0.660149106766071,0.33985089323392903,0.2794450398944912,0.0,6,2,0.08333333333333333,103
Mohankauns,2,D,537,-181.72509576376075,0.5418483612322402,0.6578984385989588,0.3421015614010412,0.27849231868453767,0.0,6,2,0.08333333333333333,104
"Bheem, Malgunji",3,D#,3200,-185.78650955773935,0.33577155718103785,0.5661837107891406,0.43381628921085935,0.17975169703419897,0.0,8,0,0.25,105
Nat Bhairav,2,D,537,-188.46072010434926,0.5418483612322402,0.6415810943873962,0.3584189056126038,0.23278721992489262,0.0,7,1,0.16666666666666666,106
"Bageshri, Bhimpalasi, Desi, Dhanashree, Kafi, Shahana",2,D,537,-191.81711710027886,0.5418483612322402,0.6394710929807286,0.3605289070192714,0.23202164038117992,0.0,7,1,0.16666666666666666,107
“Champakali”,3,D#,3200,-193.3178063773516,0.33577155718103785,0.5757490504993671,0.4242509495006329,0.20890113816105801,0.0,7,1,0.16666666666666666,108
Jogeshwari Pancham,2,D,537,-199.20119049132404,0.5418483612322402,0.6348290898860598,0.3651709101139402,0.2303373653850121,0.0,7,1,0.16666666666666666,109
Malkauns,2,D,537,-200.62896510985487,0.5418483612322402,0.6556477704318466,0.34435222956815337,0.33304751696950097,0.0,5,3,0.0,110
Kalavati,10,A#,512,-201.3376014465016,0.09706006470670993,0.6557884371922911,0.3442115628077089,0.33311897106024746,0.0,5,3,0.0,111
"Bhupali, Deshkar, Pahadi",10,A#,512,-201.566465109855,0.09706006470670993,0.6556477704318465,0.3443522295681535,0.3330475169695009,0.0,5,3,0.0,112
Dev Gandhar,3,D#,3200,-205.1148508418329,0.33577155718103785,0.5539457026304686,0.4460542973695314,0.17586638084985728,0.0,8,0,0.25,113
Patdeep,2,D,537,-209.49414127884123,0.5418483612322402,0.6283584189056125,0.3716415810943875,0.22798958811762665,0.0,7,1,0.16666666666666666,114
"Gavati, Jhinjoti, Khamaj, Khambhavati",3,D#,3200,-212.1136295545572,0.33577155718103785,0.5639330426220285,0.4360669573779715,0.20461389271626723,0.0,7,1,0.16666666666666666,115
"Marwa, Puriya, Sohini",10,A#,512,-214.2866931038806,0.0631593754395838,0.6382050921367278,0.3617949078632722,0.2701560080974444,0.0,6,2,0.08333333333333333,116
Nayaki Kanada,2,D,537,-218.54458052404294,0.5418483612322402,0.6349697566465042,0.36503024335349576,0.26878647135813616,0.0,6,2,0.08333333333333333,117
Chandrakauns,2,D,537,-218.70919451477258,0.5418483612322402,0.6445350963567306,0.35546490364326944,0.32740264380052636,0.0,5,3,0.0,118
Hemshri,2,D,537,-220.5775582101935,0.5418483612322402,0.6337037558025037,0.3662962441974963,0.26825056567753736,0.0,6,2,0.08333333333333333,119
"Bihag, Chhayanat, Gaud Sarang, Hameer, Kamod, Maru Bihag, Nand, Shyam Kalyan",2,D,537,-221.66553496211924,0.5418483612322402,0.6066957377971586,0.3933042622028414,0.19261343336857145,0.0,8,0,0.25,120
"Alhaiya Bilawal, Bihagda, Desh, Devgiri Bilawal, Gaud Malhar",2,D,537,-221.88769980446529,0.5418483612322402,0.606555071036714,0.393444928963286,0.1925687745618549,0.0,8,0,0.25,121
Jog,2,D,537,-225.9988320399284,0.5418483612322402,0.6303277535518355,0.36967224644816454,0.266821483862607,0.0,6,2,0.08333333333333333,122
Charukeshi,3,D#,3200,-231.58073213094883,0.33577155718103785,0.5516950344633563,0.4483049655366437,0.2001735313627339,0.0,7,1,0.16666666666666666,123
Shobhawari,2,D,537,-236.33169659298343,0.5418483612322402,0.6337037558025036,0.3662962441974964,0.32190067881304474,0.0,5,3,0.0,124
Hindol,10,A#,512,-237.26919659298363,0.0631593754395838,0.6337037558025035,0.3662962441974965,0.32190067881304474,0.0,5,3,0.0,125
"Bahar, Lanka Dahan Sarang, Miyan ki Malhar, Sindhura",10,A#,512,-244.81951919670954,0.33577155718103785,0.5926290617527079,0.4073709382472921,0.18814755269691436,0.0,8,0,0.25,126
Dhani,2,D,537,-245.48624312711905,0.5418483612322402,0.6280770853847233,0.3719229146152767,0.3190425151831842,0.0,5,3,0.0,127
"Kedar, Shuddha Sarang",2,D,537,-247.53330723270963,0.5418483612322402,0.6044450696300464,0.3955549303699536,0.21931301995555,0.0,7,1,0.16666666666666666,128
Surdasi Malhar,2,D,537,-247.75706703243813,0.5418483612322402,0.604304402869602,0.39569559713039804,0.21926198131930247,0.0,7,1,0.16666666666666666,129
"Gavati, Jhinjoti, Khamaj, Khambhavati",2,D,537,-253.12730222592555,0.5418483612322402,0.6009284006189337,0.3990715993810663,0.21803705404936227,0.0,7,1,0.16666666666666666,130
“Jayat,3,D#,3200,-257.8281088205698,0.33577155718103785,0.5483190322126881,0.4516809677873119,0.23210670477492587,0.0,6,2,0.08333333333333333,131
"Hanskinki, Jaijaiwanti, Ramdasi Malhar, Tilang Bahar, Zila Kafi",2,D,537,-259.0021129827548,0.5418483612322402,0.6473484315656212,0.35265156843437884,0.18268429200858713,0.0,9,1,0.3333333333333333,132
Jogeshwari,2,D,537,-264.8512944863614,0.5418483612322402,0.6061330707553803,0.39386692924461975,0.25657973085560676,0.0,6,2,0.08333333333333333,133
Ahir Bhairav,3,D#,3200,-266.03974128915877,0.33577155718103785,0.5300323533549024,0.4699676466450976,0.19231358138061738,0.0,7,1,0.16666666666666666,134
"Bilawal, Bihari, Hem Bihag, Hemant, Mand, Tilak Kamod",2,D,537,-270.80432640448805,0.5418483612322402,0.5898157265438176,0.41018427345618236,0.214005001785809,0.0,7,1,0.16666666666666666,135
Pilu,2,D,537,-271.42979281227286,0.5418483612322402,0.703615135743424,0.29638486425657595,0.17870668095703118,0.0,10,2,0.4166666666666667,136
Jogeshwari Pancham,3,D#,3200,-273.4238146802039,0.33577155718103785,0.5253903502602336,0.4746096497397664,0.19062930638444955,0.0,7,1,0.16666666666666666,137
Sarang,2,D,537,-275.01618291711384,0.5418483612322402,0.5998030665353776,0.4001969334646224,0.25390020245261247,0.0,6,2,0.08333333333333333,138
Surdasi Malhar,10,A#,512,-276.2170223990606,0.33577155718103785,0.5870023913349276,0.4129976086650724,0.2129842290608588,0.0,7,1,0.16666666666666666,139
"Gorakh Kalyan, Narayani",2,D,537,-276.8232741936921,0.5418483612322402,0.5986777324518215,0.40132226754817846,0.2534238418476357,0.0,6,2,0.08333333333333333,140
Tilang,2,D,537,-282.4704344329992,0.5418483612322402,0.5951610634407088,0.40483893655929115,0.2519352149570833,0.0,6,2,0.08333333333333333,141
Sundarkauns,2,D,537,-284.85079322390186,0.5418483612322402,0.6038824025882681,0.3961175974117319,0.30675241157478383,0.0,5,3,0.0,142
Basant Mukhari,3,D#,3200,-285.50684386555037,0.33577155718103785,0.5177943451962302,0.48220565480376976,0.18787322002708404,0.0,7,1,0.16666666666666666,143
"Bhupali, Deshkar, Pahadi",3,D#,3200,-286.6037597528065,0.33577155718103785,0.5414263609509071,0.4585736390490929,0.27502679528333174,0.0,5,3,0.0,144
"Kedar, Shuddha Sarang",10,A#,512,-292.10396817979387,0.33577155718103785,0.5770150513433676,0.4229849486566324,0.2093604858872856,0.0,7,1,0.16666666666666666,145
Patdeep,10,A#,512,-294.1178063773518,0.33577155718103785,0.575749050499367,0.424250949500633,0.20890113816105801,0.0,7,1,0.16666666666666666,146
"Manj Khamaj, Saraswati Kedar",2,D,537,-296.5592473720633,0.5418483612322402,0.6234350822900551,0.37656491770994494,0.17593585010474974,0.0,9,1,0.3333333333333333,147
"Madhumand Sarang, Megh",2,D,537,-300.6423859952856,0.5418483612322402,0.5941763961175972,0.4058236038824028,0.3018220793132743,0.0,5,3,0.0,148
Abhogi,2,D,537,-300.8712496586393,0.5418483612322402,0.5940357293571525,0.40596427064284746,0.3017506252225278,0.0,5,3,0.0,149
"Bageshri, Bhimpalasi, Desi, Dhanashree, Kafi, Shahana",10,A#,512,-312.9136295545573,0.33577155718103785,0.5639330426220284,0.43606695737797163,0.20461389271626723,0.0,7,1,0.16666666666666666,150
Rageshri,2,D,537,-319.28991919328166,0.5418483612322402,0.5722323814882542,0.42776761851174583,0.24222936763068192,0.0,6,2,0.08333333333333333,151
"Durga, Jaldhar Kedar",2,D,537,-320.55352470703053,0.5418483612322402,0.581938387958925,0.41806161204107495,0.29560557341832766,0.0,5,3,0.0,152
Jog,3,D#,3200,-321.5280763199539,0.33577155718103785,0.5086510057673371,0.4913489942326629,0.21531499344949515,0.0,6,2,0.08333333333333333,153
Rageshri,3,D#,3200,-323.1092811869599,0.29638486425657595,0.5076663384442256,0.4923336615557744,0.21489817792014043,0.0,6,2,0.08333333333333333,154
Prabhateshwari,10,A#,512,-332.3807321309488,0.33577155718103785,0.5516950344633563,0.4483049655366437,0.2001735313627339,0.0,7,1,0.16666666666666666,155
"Gorakh Kalyan, Narayani",10,A#,512,-342.5901737409377,0.33577155718103785,0.5583063722042481,0.44169362779575194,0.23633440514409454,0.0,6,2,0.08333333333333333,156
Kalavati,3,D#,3200,-343.8196755911537,0.33577155718103785,0.5062596708397804,0.4937403291602196,0.25716327259670335,0.0,5,3,0.0,157
Sundarkali,3,D#,3200,-359.8401320258909,0.33577155718103785,0.4964129976086649,0.5035870023913351,0.2521614862444474,0.0,5,3,0.0,158
Bibhas,3,D#,3200,-361.671041332718,0.33577155718103785,0.49528766352510883,0.5047123364748911,0.2515898535184753,0.0,5,3,0.0,159
"Basant, Puriya Dhanashree, Shri”",10,A#,512,-361.91702569512876,0.09706006470670993,0.5331270220846815,0.46687297791531845,0.19343643137806255,0.0,7,1,0.16666666666666666,160
Kaushik Dhwani,2,D,537,-365.6396663876483,0.5418483612322402,0.5542270361513572,0.44577296384864284,0.2815291175412645,0.0,5,3,0.0,161
Jogeshwari,3,D#,3200,-385.0021574097657,0.29638486425657595,0.46912364608243073,0.5308763539175693,0.19858282719968648,0.0,6,2,0.08333333333333333,162
"Durga, Jaldhar Kedar",10,A#,512,-387.4037597528064,0.33577155718103785,0.5414263609509071,0.4585736390490929,0.27502679528333174,0.0,5,3,0.0,163
Hansadhwani,10,A#,512,-395.87171529688175,0.09706006470670993,0.5362216908144604,0.46377830918553964,0.27238299392571075,0.0,5,3,0.0,164
“Deshkar”,3,D#,3200,-399.5801528148618,0.33577155718103785,0.500633000422,0.499366999578,0.3178813862085534,0.0,4,4,0.0,165
Mohankauns,3,D#,3200,-404.6542750425543,0.29638486425657595,0.45688563792375864,0.5431143620762413,0.19340240562056424,0.0,6,2,0.08333333333333333,166
Madhuvanti,2,D,537,-418.2620344256601,0.42242228161485396,0.49711633141088774,0.5028836685891123,0.18037054049870002,0.0,7,1,0.16666666666666666,167
Parameshwari,10,A#,512,-418.71389376679724,0.33577155718103785,0.5109016739344493,0.4890983260655507,0.21626771465944863,0.0,6,2,0.08333333333333333,168
Sundarkali,10,A#,512,-435.00740173031124,0.09706006470670993,0.5121676747784497,0.4878323252215503,0.2601643444080569,0.0,5,3,0.0,169
"Bageshri, Bhimpalasi, Desi, Dhanashree, Kafi, Shahana",3,D#,3200,-444.1525418731545,0.33577155718103785,0.41806161204107495,0.581938387958925,0.15168682692759952,0.0,7,1,0.16666666666666666,170
Sundarkauns,10,A#,512,-444.3908119278001,0.33577155718103785,0.506400337600225,0.49359966239977504,0.25723472668744984,0.0,5,3,0.0,171
Abhogi,10,A#,512,-444.6196755911537,0.33577155718103785,0.5062596708397804,0.4937403291602196,0.25716327259670335,0.0,5,3,0.0,172
Saraswati,3,D#,3200,-451.6386482335894,0.33577155718103785,0.4276269517513013,0.5723730482486987,0.1810170298911685,0.0,6,2,0.08333333333333333,173
Bibhas,10,A#,512,-458.80922271906377,0.09706006470670993,0.49753833169222095,0.502461668307779,0.2527331189704195,0.0,5,3,0.0,174
Madhukauns,2,D,537,-459.0160410358307,0.42242228161485396,0.49683499788999846,0.5031650021100016,0.2523758485166869,0.0,5,3,0.0,175
“Champakali”,2,D,537,-461.8951953727445,0.42242228161485396,0.4696863131242089,0.5303136868757912,0.17041800643043561,0.0,7,1,0.16666666666666666,176
"Adana, Darbari Kanada, Jaunpuri, Kaunsi Kanada",3,D#,3200,-463.6196444495459,0.33577155718103785,0.40582360388240285,0.5941763961175972,0.14724646557406618,0.0,7,1,0.16666666666666666,177
"Gorakh Kalyan, Narayani",3,D#,3200,-470.61310663766113,0.33577155718103785,0.4158109438739627,0.5841890561260372,0.17601524353891254,0.0,6,2,0.08333333333333333,178
“Megh Malhar”,10,A#,512,-475.2044607094108,0.33577155718103785,0.4467576311717545,0.5532423688282455,0.14183637013183015,0.0,8,0,0.25,179
"“Shuddha Kalyan, Yaman",2,D,537,-479.5722195513068,0.42242228161485396,0.4585736390490929,0.5414263609509071,0.16638595416688234,0.0,7,1,0.16666666666666666,180
Saraswati,2,D,537,-487.57529432463315,0.42242228161485396,0.4674356449570966,0.5325643550429033,0.1978682862922213,0.0,6,2,0.08333333333333333,181
Nayaki Kanada,3,D#,3200,-493.8794068236065,0.33577155718103785,0.4013222675481785,0.5986777324518215,0.16988210074983678,0.0,6,2,0.08333333333333333,182
Shivranjani,2,D,537,-495.17649984566606,0.42242228161485396,0.4746096497397664,0.5253903502602336,0.2410861021787377,0.0,5,3,0.0,183
Prabhateshwari,3,D#,3200,-498.078653607756,0.33577155718103785,0.3841609227739488,0.6158390772260511,0.13938651559194967,0.0,7,1,0.16666666666666666,184
“Hari Kauns”,2,D,537,-498.38059113261363,0.4106062737375154,0.47264031509354326,0.5273596849064568,0.24008574490828655,0.0,5,3,0.0,185
Devshri,3,D#,3200,-498.98923934475096,0.33577155718103785,0.41088760725840484,0.5891123927415951,0.208717399070567,0.0,5,3,0.0,186
"Durga, Jaldhar Kedar",3,D#,3200,-500.1335576615181,0.33577155718103785,0.4101842734561823,0.5898157265438178,0.20836012861683445,0.0,5,3,0.0,187
Devshri,2,D,537,-514.1721839039972,0.42242228161485396,0.46293430862287227,0.5370656913771277,0.23515541264677706,0.0,5,3,0.0,188
"Bhairavi, Bilaskhani Todi, Asavari (komal re)",3,D#,3200,-517.5457561841475,0.33577155718103785,0.3719229146152767,0.6280770853847233,0.13494615423841633,0.0,7,1,0.16666666666666666,189
"Madhumand Sarang, Megh",3,D#,3200,-518.2137870664357,0.33577155718103785,0.3990715993810663,0.6009284006189337,0.20271525544785982,0.0,5,3,0.0,190
Shobhawari,3,D#,3200,-520.0446963732628,0.33577155718103785,0.3979462652975102,0.6020537347024898,0.20214362272188774,0.0,5,3,0.0,191
Shivranjani,3,D#,3200,-523.9353786502704,0.33577155718103785,0.3955549303699536,0.6044450696300464,0.20092890317919704,0.0,5,3,0.0,192
Kirwani,10,A#,512,-526.1567186959487,0.33577155718103785,0.42987761991841356,0.5701223800815864,0.15597407237239033,0.0,7,1,0.16666666666666666,193
Shankara,2,D,537,-528.9125072763609,0.42242228161485396,0.44169362779575194,0.5583063722042481,0.18697153745337794,0.0,6,2,0.08333333333333333,194
Sarang,10,A#,512,-534.3677354678067,0.33577155718103785,0.4388802925868618,0.5611197074131382,0.18578063594093608,0.0,6,2,0.08333333333333333,195
Kalavati,2,D,537,-541.8646871697573,0.42242228161485396,0.445913630609087,0.554086369390913,0.2265094676664489,0.0,5,3,0.0,196
"Adana, Darbari Kanada, Jaunpuri, Kaunsi Kanada",10,A#,512,-544.9525418731545,0.33577155718103785,0.41806161204107495,0.581938387958925,0.15168682692759952,0.0,7,1,0.16666666666666666,197
Salagavarali,3,D#,3200,-548.543917940099,0.33577155718103785,0.3672809115206079,0.6327190884793921,0.15547219244928986,0.0,6,2,0.08333333333333333,198
Gopika Basant,3,D#,3200,-552.1581004932558,0.33577155718103785,0.36503024335349576,0.6349697566465042,0.15451947123933632,0.0,6,2,0.08333333333333333,199
Hemshri,10,A#,512,-552.212761824017,0.33577155718103785,0.42776761851174583,0.5722323814882542,0.1810765749667906,0.0,6,2,0.08333333333333333,200
Hansadhwani,2,D,537,-556.0542342976674,0.42242228161485396,0.4371922914615276,0.5628077085384724,0.22207931404016504,0.0,5,3,0.0,201
"Bhupali, Deshkar, Pahadi",2,D,537,-557.8851436044945,0.42242228161485396,0.4360669573779715,0.5639330426220285,0.2215076813141929,0.0,5,3,0.0,202
Madhukauns,3,D#,3200,-561.6978831035793,0.33577155718103785,0.37234491489661,0.62765508510339,0.18913897820602227,0.0,5,3,0.0,203
"Bhairavi, Bilaskhani Todi, Asavari (komal re)",10,A#,512,-564.4196444495459,0.33577155718103785,0.40582360388240285,0.5941763961175972,0.14724646557406618,0.0,7,1,0.16666666666666666,204
Nayaki Kanada,10,A#,512,-571.4131066376611,0.33577155718103785,0.4158109438739627,0.5841890561260372,0.17601524353891254,0.0,6,2,0.08333333333333333,205
Bairagi,3,D#,3200,-573.3699299346024,0.33577155718103785,0.36517091011394015,0.6348290898860598,0.18549481957795005,0.0,5,3,0.0,206
"Gunakri, Gunkali",3,D#,3200,-575.2008392414295,0.33577155718103785,0.36404557603038407,0.635954423969616,0.18492318685197792,0.0,5,3,0.0,207
Jogiya,10,A#,512,-577.5120396961128,0.33577155718103785,0.4120129413419611,0.5879870586580389,0.174407526497116,0.0,6,2,0.08333333333333333,208
Hindol,2,D,537,-579.1694642963596,0.4106062737375154,0.4229849486566324,0.5770150513433676,0.21486245087476719,0.0,5,3,0.0,209
Dhani,3,D#,3200,-580.9224308252642,0.33577155718103785,0.3605289070192714,0.6394710929807286,0.1831368345833151,0.0,5,3,0.0,210
Abhogi,3,D#,3200,-588.0172043892192,0.29638486425657595,0.3561682374454917,0.6438317625545082,0.18092175777017316,0.0,5,3,0.0,211
Gopika Basant,10,A#,512,-594.6794068236064,0.33577155718103785,0.4013222675481785,0.5986777324518215,0.16988210074983678,0.0,6,2,0.08333333333333333,212
Bairagi Todi,3,D#,3200,-597.1717509233548,0.33577155718103785,0.35054156702771144,0.6494584329722886,0.17806359414031264,0.0,5,3,0.0,213
Bhupali Todi,3,D#,3200,-599.0026602301818,0.33577155718103785,0.34941623294415536,0.6505837670558446,0.1774919614143405,0.0,5,3,0.0,214
"Madhumand Sarang, Megh",10,A#,512,-600.9335576615181,0.33577155718103785,0.4101842734561823,0.5898157265438178,0.20836012861683445,0.0,5,3,0.0,215
Parameshwari,3,D#,3200,-611.7921126203386,0.29638486425657595,0.327894218596146,0.672105781403854,0.1387995712751033,0.0,6,2,0.08333333333333333,216
“Deshkar”,2,D,537,-617.9740611795849,0.42242228161485396,0.4291742861161906,0.5708257138838094,0.2725080385845171,0.0,4,4,0.0,217
Dhani,10,A#,512,-619.0137870664356,0.33577155718103785,0.3990715993810663,0.6009284006189337,0.20271525544785987,0.0,5,3,0.0,218
Bairagi,10,A#,512,-620.8446963732627,0.33577155718103785,0.39794626529751026,0.6020537347024897,0.20214362272188774,0.0,5,3,0.0,219
Shobhawari,10,A#,512,-624.7353786502704,0.33577155718103785,0.3955549303699536,0.6044450696300464,0.20092890317919698,0.0,5,3,0.0,220
“Hari Kauns”,3,D#,3200,-626.0085725058816,0.30820087213391456,0.3328175552117036,0.6671824447882964,0.1690603787062519,0.0,5,3,0.0,221
"Gunakri, Gunkali",10,A#,512,-644.6465173620152,0.33577155718103785,0.38331692221128155,0.6166830777887184,0.19471239728425033,0.0,5,3,0.0,222
Sundarkauns,3,D#,3200,-645.2331202275664,0.29638486425657595,0.32100154733436503,0.678998452665635,0.16305823508354472,0.0,5,3,0.0,223
Chandrakauns,10,A#,512,-662.4978831035794,0.33577155718103785,0.37234491489661004,0.62765508510339,0.18913897820602227,0.0,5,3,0.0,224
Malkauns,3,D#,3200,-665.1442589393113,0.29638486425657595,0.30876353917569294,0.6912364608243071,0.156841729188598,0.0,5,3,0.0,225
Malkauns,10,A#,512,-681.7224308252642,0.33577155718103785,0.3605289070192714,0.6394710929807286,0.1831368345833151,0.0,5,3,0.0,226
Madhuvanti,10,A#,512,-727.7642982514512,0.09706006470670993,0.303136868757913,0.696863131242087,0.10998826111338401,0.0,7,1,0.16666666666666666,227
Saraswati,10,A#,512,-780.3580354920238,0.09706006470670993,0.285694190462794,0.714305809537206,0.12093604858847486,0.0,6,2,0.08333333333333333,228
Salagavarali,10,A#,512,-802.043130810963,0.09706006470670993,0.2721901814601213,0.7278098185398787,0.11521972132875374,0.0,6,2,0.08333333333333333,229
Shivranjani,10,A#,512,-833.0013123018539,0.09706006470670993,0.26754817836545247,0.7324518216345475,0.1359056805998695,0.0,5,3,0.0,230
“Hari Kauns”,10,A#,512,-887.9285915066671,0.0631593754395838,0.23378815585877083,0.7662118441412291,0.11875669882070619,0.0,5,3,0.0,231
"Multani, Todi",10,A#,512,-979.2703131464399,0.09706006470670993,0.14502743001828744,0.8549725699817126,0.05262083397118298,0.0,7,1,0.16666666666666666,232
Bhupali Todi,10,A#,512,-1000.0,0.09706006470670993,0.10943873962582695,0.890561260374173,0.05559128260078805,0.0,5,3,0.0,233
Bairagi Todi,10,A#,512,-1000.0,0.09706006470670993,0.12406808271205565,0.8759319172879444,0.06302250803842549,0.0,5,3,0.0,234
Devshri,10,A#,512,-1000.0,0.09706006470670993,0.13757209171472828,0.8624279082852717,0.0698821007500908,0.0,5,3,0.0,235
Madhukauns,10,A#,512,-1000.0,0.09706006470670993,0.12645941763961227,0.8735405823603877,0.06423722758111622,0.0,5,3,0.0,236
“Gurjari Todi,10,A#,512,-1000.0,0.0631593754395838,0.10423406948938034,0.8957659305106197,0.0441229010359726,0.0,6,2,0.08333333333333333,237
